Date,Market Cap (US),Market Cap (India),Equal Weight,Price Weighted,Fundamental Weighted,Volatility Weighted,Risk Parity Proxy,Factor Weighted (Momentum),ESG Weighted
2024-04-02,-0.007265388203672426,-0.00038736104211539534,-0.00864927575443509,-0.01007445503870462,-0.006807994831727438,-0.0025995838962964255,-0.003535145795556892,-0.00657990907389443,-0.007937935963970678
2024-04-03,0.001090527523337898,-0.0008309754048160305,0.0010778509592560407,-0.0011008710943994674,0.0013129131642937383,-0.005065599757688968,-0.0016284659874050114,0.00849757421445875,-0.0007416260907048838
2024-04-04,-0.01241103561926225,0.0035595696965144527,-0.010225880689324073,-0.013642312610939126,-0.01055147521182266,-0.008034785061827442,-0.005093954816909361,-0.01928966727091397,-0.011941579753582024
2024-04-05,0.011038050135699558,-4.22476898839797e-05,0.005967854210460585,0.007924029962341818,0.006344276852617177,0.0038710044749448148,-0.0003854328332944143,0.01753203036148113,0.008597367145029131
2024-04-08,-0.0003747011900415767,0.006755296273493474,0.0030602907226894038,-0.0002889135690021881,0.0013165106685249436,-0.00046378806332714585,0.0018298258430332064,-0.0026157419089534186,0.002137824101211488
2024-04-09,0.0014444494736345207,-0.0010395619844089984,0.003946863606375262,-0.00023474724373957236,0.0018403925630894459,0.002779086046961947,0.00182648369503542,-0.006327071865796291,0.003337082809776424
2024-04-10,-0.009501981832212592,0.004892486360835239,-0.017155212200112756,-0.010916370714456728,-0.014285786115528581,-0.012098844443866122,-0.009941767047163211,-0.0039882320741838366,-0.013415527734682115
2024-04-15,-0.012094195787459195,-0.011024443666037696,-0.008680689855596101,-0.006554020316917235,-0.007870894431621587,-0.004928177148202056,-0.00304902138847243,-0.01711137594425852,-0.012395226820519982
2024-04-16,-0.0020586245275039964,-0.005610032105390299,-0.005557629785286605,0.0016908762720092047,-0.005190477766503542,-0.0022334875009122255,-0.0057294828683415195,0.004966119406224075,-0.0016324721671647387
2024-04-19,-0.008797129654056974,0.006848265696137249,0.003761447157578886,0.005570621079428836,0.005192002583204922,0.010728958556800979,0.006001298789803545,-0.02581885665918874,-0.006618038785861066
2024-04-22,0.00869335115683908,0.008515605079627573,0.007605176646090753,0.006653417631830303,0.008413741962869625,0.007065148056767001,0.006063094199457204,0.009917245978205166,0.007684413229146267
2024-04-23,0.01189356656772209,0.0014137138340638612,0.008841161676196883,0.006872539950673398,0.008611332962198693,0.002961567929353905,0.003114918197918484,0.02122096795933184,0.012422546829163402
2024-04-24,0.00021298737793290078,0.001536747364098986,0.0014147188070527932,-0.0011114077971448432,0.0002680338115127901,0.0031079297570462297,-0.0006805573531754323,-0.004589771992337835,0.0019122843532009166
2024-04-25,-0.0045869342701194095,0.007468967297299811,-0.0020920399473971403,-0.0098011798198556,-0.005372061178656789,-0.002174475593555907,-0.001070394889818729,-0.004610848194296646,-0.0026780454102450168
2024-04-26,0.010157381332325343,-0.006685928069119567,0.0004926949776026451,0.00403167125405871,0.00188347441022032,-0.006395682670367274,-0.0023394336150193247,0.012601264283345232,0.009152491601551143
2024-04-29,0.0031734080766393944,0.009917283345523465,0.006932724547421608,0.0038219492989004416,0.00455948190942761,0.004683795165768592,0.005547263722159074,0.0003338741931580924,0.004166952703266076
2024-04-30,-0.015855551118928123,-0.0017039682453004383,-0.014534118555236496,-0.014964922750931897,-0.015098545372919924,-0.0078186391603128,-0.008185665754082994,-0.014740310815391115,-0.013511161443509279
2024-05-03,0.012478557659508005,-0.0076389620148829334,0.007089225508667169,0.011703948701444354,0.006732212321604403,0.004068187676303811,0.004169725151617385,0.01617683764631643,0.012314357538181614
2024-05-06,0.010273173691247842,-0.0014760226012829026,0.007649419371217021,0.004555522258066095,0.008019343889803809,0.004207209654939776,0.0032846280392992157,0.020118228336392048,0.008903855308352722
2024-05-07,0.0013425282288256131,-0.0062665796554610105,0.002800338560510257,0.0008230927928412023,0.0013303790706766085,0.007744763812391679,0.003850639903896072,-0.0005987913968076434,0.0016782210660924678
2024-05-08,-5.835635193424912e-06,0.0,-0.00024312253523873576,0.004416929571827171,0.0015939148816490102,0.00015410113628515113,-0.0021160547930804173,0.0014148316307917303,0.0004656531214778991
2024-05-09,0.005078032639106711,-0.015590012996666094,0.008355916821892392,0.008448636512415168,0.008459023913217338,0.00630555362827142,0.00595184862890963,0.0020640305886509666,0.00584879789223729
2024-05-10,0.001648040080166728,0.004439599522660019,0.0016269524656775584,0.00317052664489946,0.0013152280983408414,0.0036722680625934996,0.004488331418196895,0.001788986845221496,0.0029577322642148434
2024-05-13,-0.00024133317386520824,0.002212518664983643,-0.00024095332878752156,-0.002060391963746608,0.0005256482936980777,-0.0010697379959789923,0.0007620600994288495,-0.0051045907750256955,-9.229683682879528e-05
2024-05-14,0.004826148527454041,0.005135117275633606,0.003966363400121385,0.0032054278244104733,0.0041951667298362055,-0.0003057305186315781,0.0004758896083006923,0.006457819559380185,0.004880173433893252
2024-05-15,0.01164782778729962,-0.0007789037357247285,0.007945235411700814,0.008806090768417173,0.0067794889374582995,0.004425690986631957,0.0037995093113537,0.023046105862586957,0.01359317430162561
2024-05-16,-0.0020838374740880464,0.00911570311987133,-0.0016076888380629495,-0.00096822175149443,-0.00025981951262862987,0.004709469411015081,0.00246180169630319,-0.00854674478426003,-0.00244958211164055
2024-05-17,0.0011640956878937513,0.0027746873362616406,0.001488709965753491,0.0033606128809802417,0.00285542147716163,0.0022710164085760595,0.004340789723733542,-0.0009068295284463704,0.0009986737491614437
2024-05-22,-0.0027097912093521476,0.0030469687473969323,-0.003820717821623018,-0.005077682370278486,-0.004431027238617603,-0.0004564077944243697,-0.0008517010253869416,-0.0018526854875206482,-0.004074830418923731
2024-05-23,-0.007408162283471933,0.01623413013834582,-0.01409472499518733,-0.015387801837602189,-0.013412427997567845,-0.013795409841668927,-0.009321764488354608,-0.000317934137323237,-0.006554350752235974
2024-05-24,0.0069766490766732595,-0.00045948127907615604,0.006590250343663461,0.00011078602999498369,0.005544410701976522,0.0024665677060100293,0.0016231837843995807,0.010019074231717828,0.0049198564060315645
2024-05-29,-0.007394317215742535,-0.0080474093408375,-0.011780931714131714,-0.010643053144484813,-0.01064130030888865,-0.0073490172359946485,-0.009747663932813072,-0.007288296336430349,-0.007397629542125213
2024-05-30,-0.005992957535754186,-0.00956116224385675,0.004594564016039254,-0.008623059964285001,0.004003821314785059,0.006101922128460725,0.0029052802125393946,-0.017733646839268306,-0.007822239813062728
2024-05-31,0.007995824231928897,0.0018680341105537352,0.013176057999262419,0.014970495867080512,0.016380638144799373,0.01747240599619045,0.009815304662519047,-0.00042847109157843194,0.009288042118984678
2024-06-03,0.0011154602235352391,0.03202403067452011,-0.005322489162421004,-0.002984548285611525,-0.0049911881501073655,-0.002608999768312082,0.002964108874426494,-0.0017163853584361434,-0.0010075746720372917
2024-06-04,0.0015016810037827531,-0.06112419596275757,-0.003036653142563839,0.003629755574772456,-0.003694104516333744,0.004905559165589521,0.0019076882816084354,-0.002687763788924907,-0.0002747696199481437
2024-06-05,0.011778015849957281,0.03307130264902321,0.006064112932798459,0.002477833457863601,0.0055357441048620205,0.0,0.0020942247769359843,0.022566267078207834,0.012387390186020293
2024-06-06,-0.00019983660163685183,0.008848783029735371,-0.0019363181214833,0.002029610638347092,-0.0013152280983408948,-0.0006119400146955618,0.0008554249579992018,-0.004641970213649531,-0.0022656700480557885
2024-06-07,-0.0011158420502790662,0.02033183181806326,-0.0031551151586070667,-0.0022445375713160682,-0.002371963931389683,-0.0006123147145826312,-0.002282836465876795,0.0007926744866689546,-0.0007261476531213422
2024-06-10,0.002577529978240972,-0.0013298220789751808,0.0026703312586569723,0.0017781239170563965,0.0018455524412024139,-0.001225576436081075,0.0021878003918203628,0.011033017304638808,0.0034442523975606607
2024-06-11,0.0027067148552095224,0.00024290193115634738,-0.004129705757577633,-0.003108073652881403,-0.004222743018253757,-0.001380683267998751,-0.0049582802306485565,-0.0025765383080661253,0.0006889676576313782
2024-06-12,0.008467720241887338,0.002494199810096445,0.005341036615626442,-0.0009091429599338762,0.0029046771651710206,-0.0021514259928155197,-0.0003854405966687971,0.01121124727116367,0.009381303090553468
2024-06-13,0.00234191143711672,0.0032512085635553246,-0.0028491428735515135,-0.001683298061210426,-0.0026405294006771173,0.0,-0.00279844280375802,0.00903344929757444,0.0014354765025707433
2024-06-14,-0.00039393828099749413,0.0028464728647632507,-0.006394384036734974,-0.0015003682423247557,-0.004770657039546858,-0.0016939376319689385,0.0005796492661097971,0.0004109896095856149,-0.0013456295571626206
2024-06-21,-0.0015633517188252497,-0.0028002164622532473,0.0012688300708005138,0.0003976850888521078,-0.0007878503578011034,-0.00015210859684191405,-0.0020065394267531358,-0.008610903002544983,0.0007112927207568976
2024-06-24,-0.0030698791558664423,0.0015625352218749532,0.004796705002535235,0.006641513762785929,0.007177846180268252,0.0077362880360231775,0.00838170413610271,-0.011839328046100816,-0.0033831555296083785
2024-06-25,0.003925873679181344,0.007763664467508334,-0.006902861865493327,-0.007616897311513309,-0.0052532322668519885,-0.00849812530524519,-0.004563215441709342,0.00917481441541068,0.003116548643858096
2024-06-26,0.0015711962247204525,0.006198787876631016,-0.0037741644287249514,0.00039981168244292565,-0.001845462612176781,-0.005960857576985246,-0.003914227738553976,-0.002877383434246445,-0.0005335643742369709
2024-06-27,0.0009069098567990731,0.007334080659762657,0.0012190446800292303,0.0009262218417478644,0.0002638607642360165,-0.0004600209484753304,0.0009561562130164488,0.003698008452749342,0.001866231114514766
2024-06-28,-0.0040920134623695995,-0.0014108969297394127,0.000730714131531774,-0.0011547659424434734,0.0010546449941057881,-0.003841660237403092,0.0,-0.0009745622644613856,-0.002311017002823757
2024-07-01,0.0026719909814295235,0.00545557559691747,-0.008128953092585857,0.0012941936984470419,-0.0018462310908931815,-0.005867988465758308,-0.001338904762219662,0.00169200779108448,-0.0025842037294817577
2024-07-02,0.0061762057711850496,-0.0007499973340487516,0.004469841758492821,0.004135781588901144,0.004477834429532103,0.004481274147058337,0.0039158723321606245,0.00607779010531906,0.006757907135213025
2024-07-03,0.0050715622695336636,0.006719678910168409,0.0004275410990805229,-0.0006066024479312642,0.0,-0.001851748820113908,0.0011430997749381157,0.008417166615234492,0.004685934890141836
2024-07-08,0.0010161824764044329,-0.0001356303337513403,0.0019532803731182715,-0.0007896791719866194,0.0,-0.0021551726681116263,-0.0007602578792809252,0.004672093222304996,0.002982685872496254
2024-07-09,0.0007407974780654752,0.00462112711188291,-0.0017089352582575958,-0.0013434002599595287,0.00026261367068331664,-0.0015421721154450492,-0.0002851993102281207,0.002202997415435434,0.0005254340678509695
2024-07-10,0.010156314878105886,-0.004460845993233708,0.008212089014601786,0.010868922048930573,0.009406936394185739,0.007993865135496298,0.007673007615097038,0.00811847254472953,0.009150685382363792
2024-07-11,-0.008801649969266724,-0.0003495037195243165,0.011983354184047812,0.0008151137393358789,0.006480859822684794,0.008538053887495359,0.004707205058736744,-0.014238444200999074,-0.003563099618815271
2024-07-12,0.00550186402496512,0.007628403248955412,0.008760752946920353,0.006197738525913178,0.005411674187642569,0.007260604750409244,0.0070195207150547745,0.002964284738265525,0.009445027455086186
2024-07-15,0.0028222164233526843,0.0034447298074261035,0.0011268097024326818,0.005256549538679412,0.004103598223187245,-0.0019612069480530905,-0.002147396038011188,0.004954277647032518,0.0018955502739998408
2024-07-16,0.0063690499714532745,0.0010691440871768358,0.017566591261229052,0.018302753132311125,0.014988207354326072,0.01066466530096343,0.007913220754089264,0.005277695043707664,0.009424358004312215
2024-07-19,-0.007165879226406085,-0.010944347737899481,-0.006746803689873285,-0.009326229098854347,-0.006388121920076776,-0.007621713643549271,-0.005216500782640426,-0.005996667187360509,-0.009022846502236061
2024-07-22,0.010734217246220293,-0.0008829659721330775,0.007866904401176876,0.003169902152210149,0.0038378275662855036,0.006320523364005128,0.004007999779997315,0.016495037995015276,0.01406816733824859
2024-07-23,-0.0015593176939461904,-0.0012329157000276177,-0.0035413179197646785,-0.0014200585575555175,-0.0028130056630790096,-0.005089298741062322,-0.004848881203861758,0.0015935734250371561,-0.0033896477955613377
2024-07-24,-0.02342124222289286,-0.00268142363114976,-0.011776151957592787,-0.012572324267622092,-0.00900325503780856,-0.002704816050849721,-0.0012159944017645983,-0.03683006931218293,-0.0206719246419462
2024-07-25,-0.005155889019717259,-0.0003031729363163769,0.0011959791049377792,0.0020353508982717716,0.0015491403595013764,0.0006020138243650893,0.00018718358857051231,-0.010930932097936929,-0.00418610843465252
2024-07-26,0.011029420409570924,0.01741480789992859,0.014180336565209218,0.016250573665077008,0.013835714098671424,0.011066149466024404,0.00931362605931563,0.013273037453501137,0.014619465570555426
2024-07-29,0.0008129795718284517,5.0331230625744864e-05,0.0013540496103727827,-0.00121806008224938,-0.0012729868591678994,0.003562940590327092,-9.271978265120516e-05,-0.003728681930300139,-8.789347479408475e-05
2024-07-30,-0.0049725143613676215,0.0008532792280141148,0.004812923105213453,0.0050046926640546765,0.004321776781511137,0.004140878158888598,0.0017599903599704136,-0.013052364415070353,-0.00564581698571372
2024-07-31,0.015669980701917767,0.0037684255675633532,0.004731484491809027,0.00243818409800978,0.0035452950787510573,-0.0013291397828194748,0.00535353272385864,0.03197685115146795,0.015188282718805114
2024-08-01,-0.013788123791990166,0.002391816490734086,-0.011193086404428731,-0.012189230705747787,-0.011440318765627495,0.007508312430973307,-0.0011974414289332394,-0.02771463398848105,-0.010598741688123872
2024-08-02,-0.01855290660855327,-0.011792190883304469,-0.017357502087450807,-0.015251722844108785,-0.01988450432402761,0.0007331439071783739,-0.0011988048579648425,-0.03478385686919029,-0.020641204314500363
2024-08-05,-0.0304270413923931,-0.02715175314145156,-0.023909094610329838,-0.026365249357641608,-0.026696410972040258,-0.022229580627438024,-0.019662368478271925,-0.022206750869354995,-0.02521638458245936
2024-08-06,0.010300849493599515,-0.0026244033870099497,0.010203844775782385,0.0075775678574342645,0.008004381219030247,0.006720809703176936,0.00037626305896086315,0.016560983623997237,0.010272375378035577
2024-08-07,-0.007764715388769489,0.012630066341245293,-0.007076527399188259,-0.006023876141120501,-0.004528029840952131,0.0004463597085750893,0.005347922345715973,-0.01337447860943945,-0.010548984631311629
2024-08-08,0.02278113959089888,-0.007456478381555143,0.0179594328569585,0.017467254182696977,0.016940589744985565,0.009772012924399021,0.009035440916501379,0.03774020147481596,0.02486353292197869
2024-08-09,0.004660798434381699,0.010333291215294636,0.002102358170451652,0.0012933413732211887,0.0026213581582901556,0.0005893964227040844,0.0034251921310988814,0.010124208759332313,0.0036812882428989106
2024-08-12,4.30330517200971e-05,-0.0008416385761983504,-0.004811860886436573,-0.0035642202288998746,-0.004460314060044688,-0.0035404544695685526,-0.0012946314813417534,0.002812297384348629,-0.0006276114293217974
2024-08-13,0.016707233419049988,-0.00857984886239657,0.01133131127748118,0.0103290910300596,0.010723396097941781,0.00471763578223017,0.006364437071938494,0.021318854032594533,0.01618973275120896
2024-08-14,0.00381643656119841,0.0001967576418212346,0.0020844210224853737,0.006085959189021342,0.0036354144147650496,0.00498849783796779,0.007602505643470742,0.007950928673598635,0.003962729255881872
2024-08-19,0.009675327436177775,0.0012827353541420893,0.007583398362412749,0.005806301091375692,0.007366910108904479,0.005549151675970816,0.007479192799469271,0.011124908393938404,0.00997687979108434
2024-08-20,-0.001986527237609709,0.0051226163083365125,-0.003959589328922775,-0.001506457403634185,-0.004312009786601059,0.0,0.00080767405572849,-0.0018285435328131304,-0.0017130429311158154
2024-08-21,0.004230714721006796,0.0028846181820890576,0.0069768295254830515,0.001358684106707005,0.004058835691273171,0.00490082260004823,0.0048321835923450665,0.00486867949710059,0.005300909505423811
2024-08-22,-0.00897294225665722,0.0016659691560852782,-0.002843033612255415,-0.0043553968655479615,-0.002534680832948467,0.0014368658705651936,-0.001608134814524044,-0.008434038741242648,-0.008477862226624533
2024-08-23,0.01141793740166443,0.0004694458708691634,0.012644257290113587,0.01129109467487806,0.012359722437928104,0.003725907427896983,0.006505998514044741,0.00954660459693065,0.01256264577727766
2024-08-26,-0.0031587101696058145,0.007523018148105455,-0.00017219554568669487,0.0015880833692817574,0.0012526730940976307,0.003854442342404251,0.0025728289994704384,-0.009138450570451841,-0.0016998728713416096
2024-08-27,0.0015939251127232035,0.0002858535502177548,0.0004589443328950583,0.00024197709897171455,-0.0015032402324959989,0.0011392994883151195,0.003273088959112393,0.0033097181466821162,0.0008501992555504258
2024-08-28,-0.005993900794735212,0.0013820469762269526,-0.0027569199749987714,-0.0038638477045050443,-0.0020081673493851223,0.001990711115753065,-0.002475999881357964,-0.009294940544185601,-0.005882052236488344
2024-08-29,-3.937984343658622e-05,0.003967777356455909,0.0037315001040281906,0.005911441018131014,0.0032611541649369942,0.002695089840744871,0.0020343385118460357,-0.0019001646825721197,0.0013671045008560394
2024-08-30,0.010042457079144168,0.003332202116407902,0.00770575606832061,0.0055014008607930185,0.008975204590785523,0.007198689675191232,0.0025589800019861016,0.014493749048230703,0.010109132751394027
2024-09-04,-0.0016038290273809634,-0.003215245383183467,-0.0014409545154341209,0.0009287799687246556,-0.0015101486039829067,0.001965784038503402,0.0012359285963576261,-0.0013059558289408677,-0.001903190990067361
2024-09-05,-0.003022581014674196,-0.0021293438665674616,-0.006133239739216768,-0.005364427942368289,-0.006063602220676122,-0.007039176692181246,-0.003712516306084619,-0.005924222416194205,-0.0046871151667848086
2024-09-06,-0.017410944507424406,-0.011718747382249265,-0.010795157703660872,-0.010119296555701237,-0.014036335528185374,-0.008655751652616492,-0.011131474487788468,-0.022063030440532417,-0.014194619241426601
2024-09-09,0.011513534435818254,0.003384315433638339,0.009633647822961652,0.011929422346759002,0.009209602420350417,0.010913661947843068,0.0078494544215086,0.016896630269215982,0.010184547266005773
2024-09-10,0.004462699977793541,0.0041898603137641086,0.0005810136459299339,-0.0022712483286879896,-0.0028050159071054963,-0.0008461053748077795,-0.008655683634542721,0.002006500756663532,0.004444914893006225
2024-09-11,0.01060855564984334,-0.004909997784499106,0.0004642799017606959,0.0030576501878381073,0.00025537191426735015,-0.006085107547511773,0.004114069991260192,0.015856351625715373,0.009434533444212159
2024-09-12,0.00746735215680267,0.018703624424743968,0.00619174962953557,0.005736056522851493,0.006869323050140847,0.005238285672120847,0.008620368620079909,0.013152262654999747,0.007894236321125297
2024-09-13,0.0053931422343560355,-0.0012769785942554214,0.009530408130864552,0.007201139995621615,0.00858377905766076,0.005772827726533384,0.005207209613606173,0.008165019583358572,0.006984153329076236
2024-09-16,0.0012558408673102855,0.0010740980826790941,0.007230463598193444,0.005500092445858045,0.007014039841283619,0.007412934958731892,0.006230554453591637,0.002740784670132484,0.003558445886423489
2024-09-17,0.00026451509389645083,0.0013700476615561017,0.0014739454827698006,-0.0003820442265940562,0.0014965877429796016,-0.003909388976659268,-0.0054385868758479,-0.0006084752225101562,0.00025362092616248153
2024-09-18,-0.0029006587083132912,-0.0016142974615182065,-0.0018710028633930253,-0.0024805455252138947,-0.00124704934649794,-0.007160498392798105,-0.0054683960773935485,-0.0031492690380089585,-0.00364233268575715
2024-09-19,0.016834356892725128,0.0015061029073179838,0.01061256209183895,0.012501072975107205,0.012400964593123774,0.0028139670266829992,0.0038839021008477584,0.019247821707551127,0.016913190791165975
2024-09-20,-0.0019429136300157343,0.014652566289984728,-0.0036564738961572074,0.0009078042377136266,-0.0029622404146396695,0.0,0.0018482980088170523,0.005921214414130851,-0.0037617169748299937
2024-09-23,0.0028053344257131223,0.005725960454112572,0.005107101497479971,0.0014560048377430645,0.003149273899876857,0.006284699178458836,0.0045621507031618075,0.00559024711068448,0.002676451452701534
2024-09-24,0.002508031103345345,5.20286681844374e-05,0.001462593743728606,0.0019819162478962636,0.0004950437093720684,-0.003502175998905635,0.003233614557196831,0.0014790044858038335,0.0027526725976595614
2024-09-25,-0.001862983206212128,0.0024545416621303915,-0.006202038876824132,-0.006977165568100781,-0.006205778873546213,-0.002388461430353258,-0.005161202572227435,0.0019234358520103306,-0.0016484151104513352
2024-09-26,0.004030542158199222,0.008115692736807522,0.008335648606734592,0.006192428169498614,0.004719911933453614,0.002669043919701968,0.008297340516226926,0.001723107306260102,0.005595134997721826
2024-09-27,-0.0012540029000721238,-0.0014162255444679923,0.0035832307820448626,0.0032641456520059453,0.003710679154907614,0.003501195205466264,-0.002176772857125699,-0.006712087810668473,-0.0014166712573556392
2024-09-30,0.004227603658441509,-0.014160691857076434,0.0012846085868040541,0.0004051937587668182,0.0032046504017732686,0.002792156834310861,-0.0016576450744583706,0.00405230633875552,0.0038289037346250047
2024-10-01,-0.009367848694454447,-0.0005405862138807384,-0.0053165281490905264,-0.004099558271332777,-0.004439918564081723,0.0006968227600923136,0.0010472031164704414,-0.005588571822593643,-0.010690866613444197
2024-10-04,0.008930255699186382,-0.009370461848646757,0.007814494623418966,0.00808782517755454,0.009647504725027845,0.004483795724160684,0.004213453902304078,0.009665678337608032,0.007301388706729689
2024-10-07,-0.009632263829388773,-0.008787371273170997,-0.007814494623419035,-0.009453894510747721,-0.008653631477787522,-0.011812966624478971,-0.00447741956724941,-0.007191020906819202,-0.007554087246101286
2024-10-08,0.009642706804694385,0.008729434677965052,0.0023677122047898094,0.0030019276143319375,0.0012406903038419514,0.005783364065452131,0.00017591605994224483,0.009886631555295749,0.009642421339303583
2024-10-09,0.007088231016994585,-0.0012481693673798233,0.006845864740752705,0.010205001859065097,0.007659139735184555,0.0056100625417316195,0.0032498032245569524,0.007995032304415388,0.007316312970082759
2024-10-10,-0.0020722685059824846,0.0006602588660852999,-0.0037540047351932457,-0.0013623998473160052,-0.0034516393064840433,-0.0035025584501674925,-0.0014917932196410206,-0.004623511426019614,-0.003152746720567536
2024-10-11,0.00603360870729872,-0.0013689902517646816,0.009775256159287064,0.009605042901645764,0.010075056593202238,0.008803053426140739,0.00560470698356076,0.011446392771796767,0.005469489393852915
2024-10-14,0.007678114574594323,0.006535939888908111,0.007310778716862689,0.004686649687390468,0.006822558178154507,0.007898860231835675,0.004704621472728408,0.007686514038375012,0.008885957990104488
2024-10-15,-0.0076385660375134215,-0.0028135592532655376,-0.004535297764104082,-0.007570561186896279,-0.003649199357470745,0.002756643017611067,-0.0036572355995980986,-0.010245657385297879,-0.008224988936666615
2024-10-16,0.004668232782779766,-0.003439985380697183,0.006740053172720072,0.007860323111186953,0.007285224043224834,0.00521702169264071,0.004352360610972149,0.008760967235614753,0.004449944911993045
2024-10-17,-0.00017117512853816633,-0.008907784090014885,-0.0015980502628872852,0.0037385965165646316,-0.000484115009419473,-0.0008221170160388371,-0.001477727160494341,0.0,-0.001975400489055073
2024-10-18,0.003963686942774387,0.004201335956550517,0.0029735686366572484,0.0008520925590386378,0.0009678086946159095,0.002190388912755005,0.003126672689016026,0.003253816289891438,0.0027151155255754206
2024-10-21,-0.001824432756419033,-0.002939498473548445,-0.008559011218530848,-0.007987944847631647,-0.008988314242475459,-0.007118378652043885,-0.008097244412012906,-0.0029661802090263983,-0.0037041859323760336
2024-10-22,-0.0004749666671957937,-0.012547572909439223,-0.004502216505496332,-0.00015632918006968586,-0.0002440011941262892,-0.0008279256993346056,-0.00288904685983699,-0.0031193147451434467,-0.004049158325250367
2024-10-23,-0.009233824267679564,-0.0014966842167451323,-0.0032920945056610492,-0.009596098325705064,-0.00415810337132872,-0.0012432285673814624,-0.004129105404477539,-0.0023096497707050375,-0.007479938197110173
2024-10-24,0.0021434731305568283,-0.0014784351216731097,0.00022360880880488597,-0.0033123128134293317,-0.00024498299320519743,-0.0024904617168241892,0.0,-0.0029429864869151305,0.0034144453339696188
2024-10-25,-0.00029949201318627087,-0.00899959570008371,-0.004760960674469371,-0.006153759733168344,-0.005408107429284561,-0.011145451684356161,-0.005827336599612967,-0.005960608154628613,-0.0003326600046018856
2024-10-28,0.002647934626732945,0.006527218917237164,0.005654551241162412,0.006465478394026533,0.006633180295133591,0.004054662888605158,0.003182787511909672,0.003783964398249725,0.001662066842661149
2024-10-29,0.0016128259449012198,0.0052329430871703615,-0.0030192901826166037,-0.0036520578789214562,-0.004909322107361774,-0.005175843356322873,-0.004511881042382873,-0.0010173261165867997,0.0019077959934474748
2024-10-30,-0.0033056916724881185,-0.00516313130612327,-0.0021862337180882496,-0.002169178061836535,-0.00024604279317492957,0.0018216317991746848,-0.002485891584360557,-0.005882226717937727,-0.004568315346577899
2024-10-31,-0.018790134928745348,-0.00558232586918934,-0.010720084357338755,-0.009012113316206917,-0.00914832584582192,-0.006319945694602452,-0.005883893937126156,-0.013202320681493067,-0.017806568730708742
2024-11-01,0.004084158004525459,0.004081663627652918,0.00062366657595805,0.0068896823633791526,0.0004967378391529082,-0.0018331914618087784,0.0015188501691166872,-0.003513876791136674,0.004565766394083313
2024-11-04,-0.0028160448131902913,-0.012795285302364113,0.001189835511759675,-0.006144317391764779,-0.0017394706613217774,-0.0008471140703618662,0.0016057658103646876,-0.0018856997950132176,0.0007589276542641994
2024-11-05,0.012191031029563081,0.009042055940529129,0.011596693328370086,0.010171362215647094,0.01112919575567596,0.00900025122677299,0.009492176097759647,0.01684508952534986,0.011815685407479693
2024-11-06,0.024981280957186654,0.011119815807918394,0.023398982150371825,0.03509421336225886,0.03099513394504622,0.016659988903890775,0.004053237960113325,0.02283970937253,0.02012273989610586
2024-11-07,0.007403754173995657,-0.011696159889418445,0.0009836316180757234,-1.348842159721315e-05,-0.0011928303708361454,-0.001239826302298626,0.007708498393414179,0.004715053385062604,0.010154028718942196
2024-11-08,0.0037497940357180464,-0.0021159463488489003,0.0055559342581686915,0.0059200671371363285,0.0038122986457122966,0.00837382864302851,0.0008721898128991852,0.01593244972379535,0.006525176290495201
2024-11-11,0.0009685941909569238,-0.00028571169910344984,0.004984814041028131,0.0068902250636907626,0.005218166645184828,0.0043651620994638336,-0.002793785040203202,-0.0011229081655269538,0.003286682306006643
2024-11-12,-0.0028968514769364996,-0.010738381367723213,-0.007649913885008112,-0.008665147946796656,-0.007122545343221909,-0.002998928465687223,-0.006930717551891921,-0.005116125156785762,-0.005296125651147719
2024-11-13,0.00023220076414018386,-0.013675649189030194,0.0005444871027022602,0.001074573505940595,0.0016664950992652185,0.0016368939669885666,-0.0002641748460393588,-0.002544289592595624,0.0008846377452667415
2024-11-14,-0.006068108582244,-0.0011191584619590343,-0.008033959369398283,-0.004727731416175346,-0.005964537926979475,-0.008348825841651203,-0.009022611150662045,-0.010385371204969516,-0.006775283887109733
2024-11-19,0.003955750520596487,0.002754783503889256,-0.0027008813820303397,-0.002784727970033134,-0.002398054325136333,-0.0013735540782231213,-0.0030235893210450787,0.007516776961545814,0.0007338612916558216
2024-11-22,0.0034619595915364653,0.02358904203763299,0.007846145638280006,0.00966720283057901,0.007568720815066403,0.003928687869425518,0.005191105179829749,0.005131552391462256,0.003614855730552209
2024-11-25,0.0030159278201245415,0.013075438521712217,0.009014399132697845,0.009885363221468798,0.007745653430885646,0.002026050409601206,0.003504181040117027,-0.0020960700732082405,0.003522046158455644
2024-11-26,0.005705697155263866,-0.0011318641340202825,0.00010669470500312735,0.002762113176930086,0.0007011268939939682,0.006053741192343989,0.0024456546178425473,0.008358047461307368,0.0034299237797603597
2024-11-27,-0.003808481083577712,0.0033175761911502914,-0.0009617361059034555,-0.0030865473663361435,-0.0007011268939939235,0.0028124556371576072,0.004178607669963531,-0.004681136308078192,-0.0047092665784231776
2024-12-02,0.0024454638805813736,0.005988850983542634,-0.0025082108307084173,-0.0028686526256853774,-0.0037365318299897427,-0.009935727554292943,-0.002515692173408504,-0.008022124484830827,0.0037350357020817728
2024-12-03,0.0004513472420221813,0.007432322879372628,-0.004444756765366975,-0.0017090373942470441,-0.003281139238017704,-0.0051405091678227354,0.000954966193408132,0.002232278237559121,-0.0007935157591415994
2024-12-04,0.00603318162813612,0.0004210081782723239,5.364505950804721e-05,0.006877184706705682,-0.0014093360655899217,-0.0027164694789218458,-0.0014762476580990524,0.00643629687810259,0.008458202014851243
2024-12-05,-0.0018715258393823342,0.009799651742121284,-0.005003675768487567,-0.005531954773512291,-0.0018824223176257678,-0.0006801145242208011,0.0018232636110517108,-0.00032324410103564565,-0.004655019429883589
2024-12-06,0.0024923453675383123,-0.0012391968835286232,-0.0011333087952557703,-0.002755707915546285,-0.0009424960583277356,-0.005595342301131902,-0.0030406674942767245,0.004422604492403408,0.0020540262517571425
2024-12-09,-0.006163167285227462,-0.002385583169878571,-0.004112291233333387,-0.005403827668608373,-0.005910949224816324,-0.008245230102464342,-0.0016546138015016848,-0.021183497583890955,-0.004667110244629291
2024-12-10,-0.002968284314279252,-0.00036357470666444975,-0.006145872209228026,-0.0034766415954609413,-0.0033253797898163536,-0.000276054302506687,-0.006557884771884682,-0.009481877077755704,-0.005007800612469707
2024-12-11,0.008132626411368235,0.0012892918089711122,0.0009270920140006044,-0.00224600974464639,-0.00023790478610521577,-0.005675222995947724,-0.0028112795512767958,0.011170693605906855,0.007858138133367032
2024-12-12,-0.005428731461463251,-0.003785351792322941,-0.003658517159035652,-0.005324345220107435,-0.0038150257621724624,-0.0009720813601909263,-0.0010561674495989976,-0.007338820163669427,-0.004437491293344403
2024-12-13,-2.646698937187397e-05,0.008905773422254015,-0.003507322630616383,-0.0019617139192620167,-0.0021521743335610765,-0.0026434332434334454,-0.002910518952909174,0.011734976825053655,0.0007145248466803502
2024-12-16,0.0037921550087844295,-0.004047649614185296,-0.0032991758377038977,-0.002526186599334772,-0.002877068476512121,-0.005167964035576175,-0.004514677229404484,0.00817968920779387,0.004118203192783106
2024-12-17,-0.0038714794806554956,-0.01356025614827435,-0.007907327683716905,-0.006139518593304878,-0.00650375924284114,-0.003788156250847474,-0.0029661987136850444,-0.012111980353168234,-0.005803109257586171
2024-12-18,-0.02993650530451818,-0.005651640286891943,-0.030036421088901036,-0.026186379442480725,-0.02893061963549823,-0.02073647803095169,-0.01960402561315105,-0.03521389449738695,-0.031833597299338864
2024-12-19,-0.0008654867505367934,-0.01026582529903898,-0.003323576131943717,0.00036299396042250567,-0.0012445886603999938,-0.0014361492058766663,0.0020237564987782733,-0.0007795115669895014,-0.0031324769874929268
2024-12-20,0.010810479402397299,-0.015322359236337606,0.013908077307877496,0.011693226005642009,0.011145638315572446,0.009725451150569905,0.004401265398564152,0.018924088107559543,0.013449482994347362
2024-12-23,0.007260849585616372,0.007010839504245724,0.001362412437178181,0.0015554444912258348,0.002151009968965454,0.00017108963783415244,0.0016454755944432615,0.003913617826880009,0.005199861804046661
2024-12-24,0.010982233165126825,-0.0010866989549987555,0.0075165238731563595,0.009050271035648583,0.009341152820188575,0.0076661714555957446,0.006554959401769627,0.012779506188191077,0.008954926913081612
2024-12-26,-0.0004057410882578191,0.0009498673594489271,0.001631397247464593,0.0006642482503330178,0.0017113805119385959,0.0005654448064145219,0.0008163919419741372,0.0014098361679970243,0.0014446021550695947
2024-12-27,-0.01111730496491221,0.002657545248501766,-0.006824744684986779,-0.00772936025543312,-0.007108746043272352,-0.004675329621520654,-0.0026328926072795846,-0.012190599704047315,-0.010804850388382548
2024-12-30,-0.010759673941729728,-0.007101000468431965,-0.010125262577476903,-0.009781550895304475,-0.009640477587935622,-0.008270462096923824,-0.008398794353158776,-0.011763724713675412,-0.011250671785653737
2024-12-31,-0.0042940064589823065,-4.2127301519090045e-06,0.0018278893869809112,-0.0006934311788153323,0.001985198483633199,0.0022885330042731787,0.0010994728814008334,-0.004676827170336302,-0.0031204503906078797
2025-01-03,0.01251735670782609,-0.007631803596810856,0.009115812139987297,0.007985047461136605,0.008904438568499875,0.004722615158904541,0.0035738696477860443,0.015647668037585865,0.010821479351898098
2025-01-06,0.005522766496818171,-0.016325128725884954,-0.000680819617796191,-0.000598565217038161,0.0007383278248359648,-0.013077775188396824,-0.005963635968848641,0.003024840956327979,0.0043935270385657785
2025-01-07,-0.011166021516637011,0.0038817437019732417,-0.0033540851103064317,-0.004181372672868595,-0.003697672858228534,0.00043408322317460476,-0.0006443346499580518,-0.014593854539181678,-0.008642483618224775
2025-01-08,0.0015591440938312422,-0.0007996806978147784,0.0011951079014794535,0.002509052030319552,0.0012340457942561082,0.005766927706412524,0.001472216074792597,0.004538792960201309,0.0021267036757064333
2025-01-13,0.0015742043780551176,-0.014857097422370331,0.008162854067921,0.008515975882768137,0.007980054883427692,0.007001140416894831,0.0041874895492938,-0.0002900374312374957,0.0032317877223214508
2025-01-14,0.001145623334164268,0.003895278043635164,0.00804002067112785,0.0052151060157820854,0.0071773626130889785,0.007241174176492101,0.0041698850505137814,0.010340888222739214,0.003386344940503741
2025-01-15,0.018147132504516373,0.0016015971562733668,0.009552105618831047,0.016405101035057795,0.014688218874388027,0.006472470777896486,0.005257142577469465,0.018911873482629918,0.015544797656562795
2025-01-16,-0.0021149243408667613,0.004238654922064901,0.00784443517065601,-0.0015843043252776507,0.0033963268072852598,0.01324523982306263,0.004955007600922098,0.006645145225387005,0.0015412717209667734
2025-01-17,0.009941478308394033,-0.004669537131428157,0.0048440453011132315,0.007726158508974966,0.006999037384978293,0.003107965464438137,0.001554885139718972,0.013665514109217519,0.008474898319230904
2025-01-22,0.006119181086994129,0.0056604403518015324,-0.0035201708025503877,0.002969340020972248,-0.003577907733246938,-0.009971360703055111,-0.0040806448284100814,0.005465832882697455,0.003495968529797931
2025-01-23,0.005299419459529372,0.0021570002277194853,0.00472739698811498,0.009205014403398699,0.0064308260697493545,-0.0004234428484633196,0.00498519788817172,0.008076144395697751,0.002218371667334833
2025-01-24,-0.002859215984467759,-0.00488797436469754,-0.000877884208612294,-0.0031648838208726948,-0.00047483010634928054,0.0036646881150339083,0.001445682566599452,-0.003446838232801967,-0.0028531492270361626
2025-01-27,-0.014688059032112328,-0.011456619090824587,0.0006584431761342138,0.006491725166955044,0.0030830567297309226,0.014802534445927717,0.01140092847261208,-0.04161445964639852,-0.013986227408995279
2025-01-28,0.009175644177716802,0.005595545512054291,-0.0049488816930112435,0.003054210423728691,-0.004271439697909967,-0.012273403269706903,-0.00420411488326654,0.011017923166834701,0.006497955623364731
2025-01-29,-0.004689876056919602,0.008926687592645893,-0.0033128566366746356,-0.0030555208486789088,-0.00047580384577541353,-0.003937021046508278,0.0005377012538253817,0.00023116819126607776,-0.0052914063505308355
2025-01-30,0.005261548152180238,0.003723148074350194,0.010617598852107162,0.003763789357749688,0.006876231817821498,0.010371492123927675,0.010693341999106445,0.016276235406179743,0.007368288315918493
2025-01-31,-0.005059603990267195,0.011074194280356322,-0.008242302338193657,-0.007547410691669461,-0.007590133234020129,-0.005312618392194573,-0.0063130869156389074,-0.003462309278418067,-0.006484430336492039
2025-02-03,-0.007637690729495203,-0.006287681683712233,-0.0054773375831819494,-0.0027594652117156164,-0.004534108795281579,0.0034983039359969916,0.004805164295531148,-0.00027384775789144266,-0.007902070661806614
2025-02-04,0.007198907403029113,0.016059657410686868,0.0012198098921702755,0.003014881979746195,0.003104408088212201,-0.003218010366252772,0.0007985751077089142,0.005916689055176135,0.004200745569825627
2025-02-05,0.003901053915613614,-0.0018108456539069108,0.004864329545524746,0.00709484355101504,0.004520086611611483,0.00906762165799538,0.006630470426216596,0.01548949044340033,0.006428282089864852
2025-02-06,0.003637674355266266,-0.003930316218479903,-0.001324298173329644,-0.002804087257396227,0.0009489416798882733,0.0011102815614386235,-0.0012343705539375612,0.0101798862203334,-0.0012823548428143663
2025-02-07,-0.0095098456936602,-0.0018404311807618838,-0.004926228313482101,-0.009977069708401919,-0.008334300382999371,-0.0030564594561266825,-0.003800792034270007,-0.005454925790965918,-0.0090228874473282
2025-02-10,0.006690112295455172,-0.0075988318246352615,0.002825758583971558,0.003762639418854906,0.0031036669519620003,0.004442686640321092,0.004153653966715545,0.00977995043314685,0.005246455100790038
2025-02-11,0.00033952514367385523,-0.013338245144624153,0.00011072834133026,0.0027674094769110265,0.003569394076760178,0.004836506059207862,0.0011457554442257387,-0.00494436668906882,0.0014479722120423998
2025-02-12,-0.0027275831896475754,-0.001151451956867338,-0.005826107417622241,-0.00506035836089246,-0.004523314701063158,-0.002898946892822298,-0.0012339762474961294,-0.0020822044708699522,-0.004188840101676228
2025-02-13,0.010372313214235747,-0.0006011552347958088,0.008643676962384321,0.007698087833003031,0.00878960108038816,0.00839802576770195,0.0084314113689246,0.009797084327957478,0.010279586021109077
2025-02-14,-7.19463955744955e-05,-0.00444513112662715,-0.0009935100618995946,-0.003705049708560891,0.0002365690310861172,-0.00853633639136364,-0.006757020530051005,0.0025876210284681766,-0.0024799309421226164
2025-02-19,0.0023741488668242434,-0.0005405787764224007,0.0020255653873035608,0.0015978218364743177,0.002820064403121697,0.005084276080415778,0.0014925013387517227,-0.0012208735236156176,0.0012738807026086122
2025-02-20,-0.004343604884290259,-0.0008615791713867465,-0.0025189028938284058,-0.01015594054811001,-0.00541231001981393,0.0005480664517612273,0.0017530407526285118,-0.017739302843147665,-0.0023100973584799698
2025-02-21,-0.017211396672539132,-0.005130286241460248,-0.014136192221718333,-0.017091489473819506,-0.01354102332862881,0.0024629038533360206,-0.0028062880742294387,-0.023591776245030182,-0.017295179093746657
2025-02-24,-0.004981493566252351,-0.010697116011174177,0.0008338499738129024,0.0007639935970289471,0.00023913599671254406,0.0052134596304249,0.0026310749765886517,-0.010329615109076902,-0.003821011913508027
2025-02-25,-0.004690715138395557,-0.00025714910818764225,0.0009995492131208844,0.003673519602506105,-0.00023913599671260283,0.00961858536959047,0.00906800789658413,-0.0037283444418963144,-0.0050628848855694625
2025-02-28,0.015729780420663385,-0.01882096814125905,0.011049738404823178,0.01381297395072436,0.014602351825732485,0.012150657056745376,0.005929092424100092,0.018342275266845655,0.014508546666179878
2025-03-03,-0.017753402648308866,-0.0002440302652016664,-0.010713134371802992,-0.014929746171479427,-0.011953298230320179,0.007220276141548694,0.003384669023816594,-0.018855347208340232,-0.01500689955910063
2025-03-04,-0.012310288231505477,-0.001658315891150207,-0.016288020740759825,-0.015639861173793648,-0.020163499600351346,-0.01733569943793353,-0.00747898231051666,-0.020788432459126375,-0.011194807783536383
2025-03-05,0.011097472528735688,0.01146571185468711,0.009251095206717878,0.011355560189529145,0.008065589702379717,0.0033832241760404255,0.008431580324156076,0.012684744423731749,0.00828287408891461
2025-03-06,-0.017979677107455568,0.00924200854408832,-0.011134493945858923,-0.009990347323653243,-0.010276598981491865,-0.006233858800642529,-0.00442423000850344,-0.03942763149399707,-0.016888988286646735
2025-03-07,0.005505435045454467,0.00034595413741610534,0.009325089356015623,0.005215250683506269,0.006374079445630122,0.009605571971922716,0.0075354336146178915,-0.0002445984796159891,0.0060826176533149675
2025-03-10,-0.027343541788428148,-0.004096583464717347,-0.014192760333049921,-0.021012974300702463,-0.016508919481933705,-0.0014819504613871363,-0.005624528009292507,-0.04110757261945886,-0.028187728672819136
2025-03-11,-0.007596646918536578,0.0016726478000064651,-0.013407439267550626,-0.011476024212415675,-0.01099186353753421,-0.01782246149660866,-0.009591186799191208,0.0033596391014440565,-0.0100127452140873
2025-03-12,0.004874967940490777,-0.001218651042867137,-0.0047237567046164745,-0.0019943563880213807,-0.0030189045638532247,-0.011319782248239606,-0.005270547254745329,0.015630818750336485,0.004975291252811094
2025-03-13,-0.013988366806464148,-0.00326742167482874,-0.009633008706841093,-0.013080272782960721,-0.007333355264255287,-0.0002777253765931383,0.0009683635448009821,-0.01583408627848786,-0.014294055302786537
2025-03-18,-0.010710667074319702,0.014359703182661372,-0.005213913467748738,-0.006240997146780767,-0.004691888026902007,-0.002042753176304581,-0.00224543445328228,-0.017185210619560257,-0.00994772552799874
2025-03-19,0.010740608172953766,0.0032048904937790478,0.0073831199122616695,0.009176340915301317,0.00788954984094654,0.0029944796512318263,0.0006914452002453255,0.01888617663025964,0.0097502550791575
2025-03-20,-0.002187283513782985,0.012280480863664548,-0.004171308020313667,-0.0002695154951647571,-0.00270498220105694,-0.001904568698130106,-0.003462016906306999,-0.0014212827267551624,-0.0037852664679286093
2025-03-21,0.0008243136078323211,0.0068649342763162065,-0.004591454221531789,0.0007632060607894792,-0.0027124140149503524,-0.00710580068840218,-0.00277826910477255,0.004111357667333595,-0.0014663158130003183
2025-03-24,0.01749211712863917,0.013101970335000056,0.0153774679049984,0.014141849515935013,0.01377183621492434,0.0069252247510508975,0.004424230008503468,0.02760363598178487,0.017879803869457766
2025-03-25,0.0015730954906538206,0.0004353025297464832,-0.0023934141361121927,9.814834442181709e-05,0.0,-0.0028682795390637234,-0.0004328744740311885,0.0027994500931090107,0.002709568449807144
2025-03-26,-0.011219640357598032,-0.007710730752587225,-0.0018845853775534575,-0.0031210600441558926,-0.0024496693298036555,0.00898693971691373,0.0014709960121378402,-0.019328054597929318,-0.011652289426949356
2025-03-27,-0.0033124610071321114,0.004464845602965276,-0.0025755944115392294,-0.003659747583826459,-0.002455873340834394,0.004058509892318978,0.0062063975731959636,-0.010635463104069645,-0.0051462724716877
2025-03-28,-0.019934601126853548,-0.003082049047667123,-0.01553648000802238,-0.017066939808564503,-0.015362069642121797,-0.00473648049586187,-0.005860552002153458,-0.019523418431525462,-0.01857365198385031
